{"name":"256445b3-ec58-4996-9183-400bd5018021","id":"/providers/Microsoft.Flow/flows/256445b3-ec58-4996-9183-400bd5018021","type":"Microsoft.Flow/flows","properties":{"apiId":"/providers/Microsoft.PowerApps/apis/shared_logicflows","displayName":"When a file is created (properties only) -> Get file content,SplitB...","definition":{"metadata":{"workflowEntityId":null,"processAdvisorMetadata":null,"flowChargedByPaygo":null,"flowclientsuspensionreason":"None","flowclientsuspensiontime":null,"flowclientsuspensionreasondetails":null,"creator":{"id":"174aae22-e5e4-4271-984f-e3f96817161d","type":"User","tenantId":"b0bfb0e0-2291-4443-b921-d0dbb00fc424"},"provisioningMethod":"FromDefinition","failureAlertSubscription":true,"clientLastModifiedTime":"2024-05-16T16:49:58.6111748Z","connectionKeySavedTimeKey":"2024-05-16T16:49:58.6111748Z"},"$schema":"https://schema.management.azure.com/providers/Microsoft.Logic/schemas/2016-06-01/workflowdefinition.json#","contentVersion":"1.0.0.0","parameters":{"$authentication":{"defaultValue":{},"type":"SecureObject"},"$connections":{"defaultValue":{},"type":"Object"}},"triggers":{"When_a_file_is_created_(properties_only)":{"recurrence":{"frequency":"Minute","interval":1},"splitOn":"@triggerOutputs()?['body/value']","metadata":{"operationMetadataId":"06a26b3a-e99c-4dc9-a040-9b118ed8555f"},"type":"OpenApiConnection","inputs":{"parameters":{"dataset":"https://123l1g.sharepoint.com/sites/PowerPlatform","table":"55d2a71d-d92d-4045-930b-397707e66e49"},"host":{"apiId":"/providers/Microsoft.PowerApps/apis/shared_sharepointonline","connectionName":"shared_sharepointonline","operationId":"GetOnNewFileItems"},"authentication":"@parameters('$authentication')"}}},"actions":{"Get_file_content":{"runAfter":{},"metadata":{"operationMetadataId":"e0293e26-2fc4-4dd9-9a31-4be642911acc"},"type":"OpenApiConnection","inputs":{"parameters":{"dataset":"https://123l1g.sharepoint.com/sites/PowerPlatform","id":"@triggerOutputs()?['body/{Identifier}']","inferContentType":true},"host":{"apiId":"/providers/Microsoft.PowerApps/apis/shared_sharepointonline","connectionName":"shared_sharepointonline","operationId":"GetFileContent"},"authentication":"@parameters('$authentication')"}},"SplitByLine":{"runAfter":{"Get_file_content":["Succeeded"]},"metadata":{"operationMetadataId":"9cac0919-ba1f-4d17-8484-bcd31d80bd34"},"type":"Compose","inputs":"@split(base64ToString(outputs('Get_file_content')?['body']?['$content']), decodeUriComponent('%0D%0A'))"},"Headers":{"runAfter":{"SplitByLine":["Succeeded"]},"metadata":{"operationMetadataId":"b2c64abe-7485-41ae-b363-b6f77651d30c"},"type":"Compose","inputs":"@split(first(outputs('SplitByLine')), ',')"},"Select":{"runAfter":{"Headers":["Succeeded"]},"metadata":{"operationMetadataId":"210b3b26-9157-46b9-af1d-3ffd8da64773"},"type":"Select","inputs":{"from":"@take(skip(outputs('SplitByLine'), 1), sub(length(outputs('SplitByLine')), 2))","select":{"messageid":"@split(item(), ',')?[0]","received_at":"@split(item(), ',')?[1]","processed_at":"@split(item(), ',')?[2]","sender":"@split(item(), ',')?[3]","recipient_email":"@split(item(), ',')?[4]","subject":"@split(item(), ',')?[5]","rule_name":"@split(item(), ',')?[5]"}}},"Parse_JSON":{"runAfter":{"Select":["Succeeded"]},"metadata":{"operationMetadataId":"9a5685b2-be81-4271-9fb9-0fd0416f09d2"},"type":"ParseJson","inputs":{"content":"@body('Select')","schema":{"type":"array","items":{"type":"object","properties":{"messageid":{"type":"string"},"received_at":{"type":"string"},"processed_at":{"type":"string"},"sender":{"type":"string"},"recipient_email":{"type":"string"},"subject":{"type":"string"},"rule_name":{"type":"string"}},"required":["messageid","received_at","processed_at","sender","recipient_email","subject","rule_name"]}}}},"Apply_to_each":{"foreach":"@body('Parse_JSON')","actions":{"Add_a_row_into_a_table_2":{"metadata":{"01ZTXRIYE42VMJEUA72NAZ4BNAQHG74WTT":"/Template AVA2.xlsx","operationMetadataId":"d66acbe4-024b-4899-8001-af783e40babb","tableId":"{C53E627D-99DC-4C28-B8A9-58796C604643}"},"type":"OpenApiConnection","inputs":{"parameters":{"source":"me","drive":"b!wpbzxskZO0qIsLHKMuLHpDgHk2j35HhHvMhk8ULhCrKK4X53w8vERbsz7kWuic1L","file":"01ZTXRIYE42VMJEUA72NAZ4BNAQHG74WTT","table":"{C53E627D-99DC-4C28-B8A9-58796C604643}","item/messageid":"@items('Apply_to_each')['messageid']","item/received_at":"@items('Apply_to_each')['received_at']","item/processed_at":"@items('Apply_to_each')['processed_at']","item/sender":"@items('Apply_to_each')['sender']","item/recipient_email":"@items('Apply_to_each')['recipient_email']","item/subject":"@items('Apply_to_each')['subject']","item/rule_name":"@items('Apply_to_each')['rule_name']"},"host":{"apiId":"/providers/Microsoft.PowerApps/apis/shared_excelonlinebusiness","connectionName":"shared_excelonlinebusiness_1","operationId":"AddRowV2"},"authentication":"@parameters('$authentication')"}}},"runAfter":{"Parse_JSON":["Succeeded"]},"metadata":{"operationMetadataId":"9f5e8677-ee31-4bd7-ada2-6c36894ad47d"},"type":"Foreach","runtimeConfiguration":{"concurrency":{"repetitions":50}}}},"outputs":{}},"connectionReferences":{"shared_sharepointonline":{"connectionName":"shared-sharepointonl-04e40e00-a731-4c84-8416-e5bc4597473a","source":"Embedded","id":"/providers/Microsoft.PowerApps/apis/shared_sharepointonline","tier":"NotSpecified"},"shared_excelonlinebusiness_1":{"connectionName":"shared-excelonlinebu-6ee3f69f-a57c-4f0f-9c5e-1f624c4872b3","source":"Embedded","id":"/providers/Microsoft.PowerApps/apis/shared_excelonlinebusiness","tier":"NotSpecified"}},"flowFailureAlertSubscribed":false,"isManaged":false}}